[{"id":"c4acf0db-d194-40f4-ae9e-9b9335820e4f","username":"WQEDQERFRF","passwordHash":"$2a$12$5c0HsoRoOzthJY3tmRl5iOl3OV7ZmeVwvULVpkhvMa0TWfFtIrv8C","characterClass":"ARCHER","createdAt":1745942339977,"currentHealth":55},{"id":"e97dc3fb-b888-4e97-8da8-e5d894b3987f","username":"ewafawef","passwordHash":"$2a$12$FzJljwA6XfITIBLG22ijdusU5CaU2nDjo/1cidPKZR9H8qOQdiRfS","characterClass":"ARCHER","createdAt":1745856590706},{"id":"3df96d03-5703-4a2e-b2df-f5f957d75fc9","username":"cfecrfcef","passwordHash":"$2a$12$s.ZqHm/HGFRg12IXRP/Tu.ArAHOpG6AE/4F5j1bynRr77Yfw0MBr2","characterClass":"MAGE","createdAt":1745856216725,"maxHealth":80,"currentHealth":80},{"id":"f6904096-4197-44d3-b31a-fb77bd079f4d","username":"asd123","passwordHash":"$2a$12$7NSw/MOEsGctGTOGQVb5G..qVAkU.C0UE4rhO29Wpe/uXk.Cidr56","characterClass":"MAGE","createdAt":1745789139638,"maxHealth":80,"currentHealth":80},{"id":"45564bec-5882-4cf2-ac8d-e94bb500c838","username":"qwefqwefqwe","passwordHash":"$2a$12$aaGe8HbE.11n8sNRZOqIcesS4voq4TS1aYsyMbb9aYVk2ZToAeiWm","characterClass":"MAGE","createdAt":1745858313745,"maxHealth":80,"currentHealth":32},{"id":"7eccee77-26ef-4d60-b889-bc19d483f963","username":"sadasdafeef","passwordHash":"$2a$12$M0Hgu48TANS9Q.V3RtKFRO0jmRgIrKxAHCWfJeGzMxUvQZ7A2SxNq","createdAt":1745856379513,"maxHealth":150,"currentHealth":150},{"id":"fbbab1e6-4ff4-4848-8359-3ac87e59148a","username":"dsaferfqer","passwordHash":"$2a$12$8XYnvzwCDUbMKBAkcjv4Me3UQjxYiuWQazxqvYk7ih9IAxuI6LlFu","characterClass":"MAGE","createdAt":1745857108045,"maxHealth":80,"currentHealth":80},{"id":"2381eb2b-80da-407f-bbe7-dff797e7b977","username":"dfqerfqwe","passwordHash":"$2a$12$VXf1ls5xzy77O5U3Nyjohet9kaf2EF0CDFmzAUz/6h9GqrYggevLi","characterClass":"MAGE","createdAt":1745861338373,"maxHealth":80,"currentHealth":32},{"id":"458c6a75-2a74-4209-92a1-638a648900e1","username":"FWDFWEF","passwordHash":"$2a$12$hc6XuX2LpWm992SqTYq4jeT7Dk.FIXJ0crflijWSXzn0tOvv7pZBy","characterClass":"MAGE","createdAt":1745942009581,"maxHealth":80,"currentHealth":80},{"id":"c02935e9-14d8-4e33-a3a0-8d5363f122bd","username":"DAWID","passwordHash":"$2a$12$zuHeKzZRoOOsrIg6kZ8nSuphvz8h3LB/MgOf0PnZaYnpEZOB4tfkS","createdAt":1745853979849,"maxHealth":150,"currentHealth":23},{"id":"0e962d69-2bf4-4bdf-9c10-711d0d2db1ce","username":"sadasdasd","passwordHash":"$2a$12$AUCA1TyNkMrq6dR7zhhptewrhQZAChuh/C.zlpdIRpp9tcpTkNSqC","characterClass":"ARCHER","createdAt":1745856366855,"currentHealth":85},{"id":"2e4c796e-4ef7-4747-b3bb-2667187bdb5e","username":"asdewafqwe31241","passwordHash":"$2a$12$4LqCbYR5xOOc/loiahsBgetJgD2WpnFDhgqhsmqhBPOoASo/kpMP6","characterClass":"ARCHER","createdAt":1745859913186,"currentHealth":93},{"id":"84a93b75-7598-4d47-936b-629a35341b62","username":"dsaasdfgreqfe","passwordHash":"$2a$12$K9OQMd9btkrOGS.W9IksHe.yp3tUohIzUTy58mmSprw1Qe35vdiIW","createdAt":1745859895039,"maxHealth":150,"currentHealth":150},{"id":"77185986-52b7-4c37-b0bc-cd40f73659c9","username":"afsaw","passwordHash":"$2a$12$LQUC5OE2DUKM8gn5dlH6f.BkXoItYfI6NVFmLbGXiroYIvedBJfPG","characterClass":"MAGE","createdAt":1745859929030,"maxHealth":80,"currentHealth":80},{"id":"686e366e-79c7-432a-9723-8bace2c80701","username":"KAROL","passwordHash":"$2a$12$yCGT3bzjV7ycLYywLiXS5ujOTO2WqcfJVGk9mzNAY0TSCtePO8pga","characterClass":"MAGE","createdAt":1745853964847,"maxHealth":80,"currentHealth":20},{"id":"cb0bec2c-22f2-4f73-8d3f-53ff0bff2879","username":"sdgvaergqer","passwordHash":"$2a$12$x1Ib4ui8zmWtviruJVhPseMBbxzFbMOJepFkc/MCy1HYBNEd3o8Ny","characterClass":"MAGE","createdAt":1745937637614,"maxHealth":80,"currentHealth":80},{"id":"05a77ade-3455-4d07-aafb-29b772672784","username":"csdacasdca","passwordHash":"$2a$12$FyZrAk4ODe19K9bIbeeV8.CepAxe5IYAC3E2Hxp2gtZpO9VgScdb2","characterClass":"MAGE","createdAt":1745861501194,"maxHealth":80,"currentHealth":8},{"id":"ff5ab3bd-6b6d-4955-b8f9-953eb81ce127","username":"ederafgrqef","passwordHash":"$2a$12$8KlIN57/PjFqhqqLLfOkReWr40PLvdiEcI0Gfi5yFKQsm7Kzgeeue","createdAt":1745860754960,"maxHealth":150,"currentHealth":150},{"id":"7cff874a-f9fa-4d8a-8406-6b8f31fc066f","username":"wdsasd","passwordHash":"$2a$12$7WsqWiJ1X2MDMDS40T5c2uHA94MbXJL.4xcUKGfPFVm0LyJ6TSn.W","characterClass":"ARCHER","createdAt":1745858675579},{"id":"d74b98a4-1e7d-47c4-92d3-0983d320b6a9","username":"fewcwefcw","passwordHash":"$2a$12$TjrZm5nHDkK7p0QIY9shce1j71hOQHjsURYfqJF/dpT24h2PlzNKi","characterClass":"ARCHER","createdAt":1745857260386,"currentHealth":86},{"id":"c1c6c6d4-891a-4f9b-affa-5797534d4c23","username":"Player 2","passwordHash":"$2a$12$K6gHh0Svmrut64RsabaZQu0j4YXb4VzbRI77TiFOXxEYZWJM5Daxq","createdAt":1745945608559,"maxHealth":150,"currentHealth":150},{"id":"bdc73e3b-a8dd-4900-b5b4-b13efcab2f8d","username":"Player 1","passwordHash":"$2a$12$Rba4tj.dZIxf15edRk0rpObUVMC1J6XFLvHruGpBsiczHK1PJWPbm","characterClass":"ARCHER","createdAt":1745945586858},{"id":"729a507a-9aed-4e04-9be9-9f66c364bd06","username":"sadvsadcv","passwordHash":"$2a$12$F3HKjekAeXMVJkB3m0ZjLOkN.pOhMnuVFlJrx7f9cnfifUUrsmn8K","characterClass":"ARCHER","createdAt":1745941998682},{"id":"4a589beb-ff13-467c-ba94-b5b0ffe80bca","username":"yjefgularhgblikMAER","passwordHash":"$2a$12$nD/YwMCE4FXxarb37NoMi.yVFWN.TJ4DSWVTdyMU6feYgIAtF39Cq","characterClass":"ARCHER","createdAt":1745853947428,"currentHealth":0},{"id":"5f70303e-5115-442a-89e1-85f5a4f9eb11","username":"4TGV4TGV","passwordHash":"$2a$12$cqjoNqENaPMN.ZIbj/VZeOi3ohHIMmLMfuBV/tPGkLRDzqBLb19q.","characterClass":"MAGE","createdAt":1745942356670,"maxHealth":80,"currentHealth":20},{"id":"97659e35-c268-4794-87ae-eedd72d43634","username":"scvsgbrvfec","passwordHash":"$2a$12$Tk2wzcm4BsfFMdi8gaHzkuJxe8oHCLGwEXN9sMl0JKTHwJOV/85hK","characterClass":"MAGE","createdAt":1745856909256,"maxHealth":80,"currentHealth":80},{"id":"1234b88d-f489-4e97-8ab5-9ecaa9f6dcaf","username":"sqdWSDWEA","passwordHash":"$2a$12$jEHkQXbakG0V1VM2tHJqlubtZqHiKoWTErHasvjzOFkwW1TccWzUK","characterClass":"ARCHER","createdAt":1745945480043},{"id":"990c76ca-f620-4782-a4d7-bb99c678d4bf","username":"Player 3","passwordHash":"$2a$12$hSDjKESA86CkdwhnqIo1JepO5kCQw604nGqrv.B6.7NnTgqfxanLW","maxHealth":150,"currentHealth":150},{"id":"3f43bf66-a8c1-46bb-9e77-c693cf42fec8","username":"sdafadf","passwordHash":"$2a$12$Sy6IGC.IS1I.LeQpcvNuueuWQC8GkUPsLhF6Z0yCkLAvD1SAzSzya","characterClass":"ARCHER","createdAt":1745857092594,"currentHealth":72},{"id":"33521442-55bb-4de8-8763-be5ead120246","username":"ewfqwrefqwef","passwordHash":"$2a$12$86YzQelOBU7ikR5t9r8OYOGO8b0e56IwBg08byoMKlBnPgw2oG4hm","characterClass":"MAGE","createdAt":1745938480629,"maxHealth":80,"currentHealth":80},{"id":"4e3aa158-4505-46d3-bd2a-bc5ce69c1930","username":"dagbaefvaqefv","passwordHash":"$2a$12$oUZ5MIVk/Ode6OtoQ.NKieQma2aE5pNi2BhTxCos6H3aLbfDb8emm","characterClass":"ARCHER","createdAt":1745939518697},{"id":"06a3bb71-b0cd-40fa-a2c1-4858bf740c1f","username":"asdasdasd","passwordHash":"$2a$12$TkkQyIHX/zkZ9SDBb90RWONsonT6d7fTtSpZ/gc2Tc2ugsb/ChyoC","characterClass":"ARCHER","createdAt":1745861321971},{"id":"22b1abff-4c4a-4d2f-8219-9c2e90e29f6d","username":"asdsdfsafqwef","passwordHash":"$2a$12$12mivu5v5l8YAqIvmF0L/ukDkZZSArjpVdkAhxutqhWCWDE45KzPy","characterClass":"ARCHER","createdAt":1745858298207,"currentHealth":23},{"id":"d25a645a-5b7c-42ba-b53f-6ebd3b97b6f6","username":"afdasfads","passwordHash":"$2a$12$LzCGiaE4x.DuO7KaSwdA5OYUllrivDK/yA7MUPv134YH/.DvA6Q0C","characterClass":"ARCHER","createdAt":1745854602956,"currentHealth":44},{"id":"99d43d2c-65a9-4254-b87d-d86fb164ca6f","username":"asdasdfqewrf","passwordHash":"$2a$12$B7JDpfS.yrDdxDLEFAFTQuPIVyXRt53AIBL7uQ9AbUHvXVV6j7MDq","characterClass":"ARCHER","createdAt":1745860727889},{"id":"5ec8d0eb-bad3-452b-ba46-3a05a6131ad8","username":"CFGHSFHSF","passwordHash":"$2a$12$XEAtvGnsCzkcEcddXRDYRuG7mwh50IR7r1Okhh1ZyN81IAFrmS.ry","createdAt":1745942035791,"maxHealth":150,"currentHealth":108},{"id":"4882619c-2831-463f-a113-bd69dbe45212","username":"sdcAWDCQAWDVQ","passwordHash":"$2a$12$vBWhL0oRlRD5bhtpJ4v2IOAC7c8zrhfMRno/FeiTWZomwHIbMPBjO","createdAt":1745939548174,"maxHealth":150,"currentHealth":54},{"id":"58e2e33c-ae37-4e6f-a411-f61e53db95f9","username":"dsgbaesfge","passwordHash":"$2a$12$CssvJpbqwpSL2DypN3iqcOei2SezQkWWnC8VYEJZGJrmYqcKSbnKy","characterClass":"MAGE","createdAt":1745855111955,"maxHealth":80,"currentHealth":44},{"id":"3b2d8247-991f-4dcd-9d27-d70cb521f8a1","username":"dsfdfqefw","passwordHash":"$2a$12$BGR11aOm.5s3RnM6egNZreHrg.rvB8xtFhvmJsYPoyx3DaX6HWOsW","characterClass":"MAGE","createdAt":1745856463209,"maxHealth":80,"currentHealth":80},{"id":"cfb5295c-49db-42f0-9495-0251be73f2c7","username":"edfwedwqed","passwordHash":"$2a$12$gCODwB/yjjs9WRH7ElQVdeGWtyJVOlEHa3h3eM9rUn.T2p4d4mEMW","characterClass":"MAGE","createdAt":1745854636550,"maxHealth":80,"currentHealth":80},{"id":"ff357387-3e5a-485b-9745-31eebcc6f46f","username":"fdsgdasgasd","passwordHash":"$2a$12$LDVEdHrFnOEx0Igf..ANeOD2KFS/8QRS9PbDAyhLGRCYDUh8TsOgS","createdAt":1745859964888,"maxHealth":150,"currentHealth":150},{"id":"4c8cdb64-38eb-4efa-b1a7-ee1b18696088","username":"adSDFAEFAWEf","passwordHash":"$2a$12$7kU0KLUE0gZSrFutKcPT6OqcAK30uTOhLpw9O3UbjzdrSdp8kvbwC","characterClass":"ARCHER","createdAt":1745855861189,"currentHealth":79},{"id":"136d2653-3941-4e7b-a94f-49d86404d4dd","username":"asdcawrefq3rf","passwordHash":"$2a$12$ZsKTJ1pAEuB6Jx7KTG60vuHu/IUtSMGJ7wnR56w/sdDvkrC0Nc9mK","createdAt":1745861524443,"maxHealth":150,"currentHealth":0},{"id":"6902e43e-8249-4b0f-a391-c1a3eac58398","username":"sdjfvgbhwnDFE","passwordHash":"$2a$12$24oKWFpF2svE.6QOO7vOLO1iWHX7zaAbE3/qaaWrBC9tWOy17KFF2","characterClass":"MAGE","createdAt":1745855907316,"maxHealth":80,"currentHealth":56},{"id":"d147eaec-b64c-4adc-916b-1cca2c7038f5","username":"dawdawwad","passwordHash":"$2a$12$afArIdzxkMqA7tuRkY/1Uu5UV3wXBAwfogPB2cgIro7IFH9d0P3cm","characterClass":"MAGE","createdAt":1745858008499,"maxHealth":80,"currentHealth":80},{"id":"f2cc41d0-0bf3-4be9-889a-8ca85f300fa2","username":"DC2ERC2","passwordHash":"$2a$12$do2j9/pccQ3d9RAUp8lMmukXS42qsdITwDIbYFf6kvay7lY8ksbQq","createdAt":1745942373084,"maxHealth":150,"currentHealth":150},{"id":"eb26c707-dec1-40ad-a73e-a53b0c4ad877","username":"ddgSDgfSDfSD","passwordHash":"$2a$12$XJ/OOR.1q0ASXGAE0fbf7Ot56VxbeFivqMUCPkVwjJj6wltwHF8yC","characterClass":"MAGE","createdAt":1745854488597,"maxHealth":80,"currentHealth":32},{"id":"75ca2a2b-65c8-4def-8179-a92152d0c9f7","username":"qwdqwefqwef","passwordHash":"$2a$12$7mO5w3J9vyf0hC03A6rTPO.tE6fR.Teae1BNNuJK.ubFRI9v8h0aG","characterClass":"ARCHER","createdAt":1745938457256,"currentHealth":72},{"id":"444c3c97-7dc4-4115-a6e9-58768c3474a6","username":"ergwergw","passwordHash":"$2a$12$HlGO6Xmr2Dnofo/X2l/wue1ra5m4mInn8DzY7//SZf3EcfXAT8k7O","createdAt":1745858566728,"maxHealth":150,"currentHealth":150},{"id":"68b739f1-0897-47f6-a3c7-3330b4bf191a","username":"ewdwqerfesgvaerf","passwordHash":"$2a$12$d/sBhN66flHDbOOcwdKWJeub0NqgT7.lEZvBishDrwSBKX9eIOKCG","createdAt":1745937665619,"maxHealth":150,"currentHealth":33},{"id":"7644efce-a9cb-4a94-903a-668715466872","username":"efvwefrvwervwev","passwordHash":"$2a$12$ZVek2QlwXzQTDbfYWFFt4eB0pNLgV27l.PF7bSTzyeaQI9j.w6RMu","characterClass":"MAGE","createdAt":1745939532417,"maxHealth":80,"currentHealth":80},{"id":"0f820181-3496-4c2a-8e92-1bb4dcf63caf","username":"rfwerg","passwordHash":"$2a$12$okV2oo1BeJM9SuLWd25oJezPX/8.SlpoGLXaljYded3.FozR9OC/6","createdAt":1745945570649,"maxHealth":150,"currentHealth":150},{"id":"44e6d8eb-8d35-4552-97b5-10696f61bf9a","username":"adsdf123","passwordHash":"$2a$12$8665mB9qTFuIg4nqkHuELe8NOxu.70ixhg7XINBkAyqvSxjm37FlG","characterClass":"ARCHER","createdAt":1745857987240,"currentHealth":65},{"id":"fcaf7c05-a460-4c6f-b12c-a3fd59fd1bff","username":"wefcvewf","passwordHash":"$2a$12$tp5g5z7mOzNUhXw2LHA4iOTDe84ISAEktSCiwYCHtOKDtgKvNPkt.","characterClass":"MAGE","createdAt":1745857272728,"maxHealth":80,"currentHealth":56},{"id":"b9c12e7a-4ebc-44b1-bc5d-b99330b40f11","username":"ewrwer","passwordHash":"$2a$12$mWL7F8G81wCc5Egw/UR7SemALErTlv7.kbChtcJEVcoGEqurvUf1W","characterClass":"MAGE","createdAt":1745861165732,"maxHealth":80,"currentHealth":56},{"id":"c58d0f42-e037-4e59-920a-45355e588ea7","username":"dcvadfvasdc","passwordHash":"$2a$12$69aUsjLzdZ/6/Fx69.i2OesJqS7UFLGMdeoi0fsGVmiEA.xuEFczG","characterClass":"ARCHER","createdAt":1745861484836,"currentHealth":93},{"id":"16804593-1732-4fc0-8097-fc8875d8c75b","username":"dwcqwdc","passwordHash":"$2a$12$8RPqADhumH8H3YMYRIpmpOoaX.uB4uINdEf3EjJjO1QiGopk6lCYK","characterClass":"MAGE","createdAt":1745945538096,"maxHealth":80,"currentHealth":80}]